{"ENV_Online Simulation_TotalLoss": 5672.98686069277, "ENV_Online Simulation_TotalLoss_epoch0": 5672.98686069277, "ENV_Online Simulation_Right action": 0.6555600149836784, "ENV_Online Simulation_Right action_epoch0": 0.6555600149836784, "ENV_Online Simulation_Probability to choose the right action": 0.565002937110903, "ENV_Online Simulation_Probability to choose the right action_epoch0": 0.565002937110903, "ENV_Online Simulation_Weighted right action": 0.6535269031159611, "ENV_Online Simulation_Weighted right action_epoch0": 0.6535269031159611, "ENV_Online Simulation_Weighted probability to choose the right action:": 0.5650090745108468, "ENV_Online Simulation_Weighted probability to choose the right action:_epoch0": 0.5650090745108468, "_timestamp": 1725274750.9850922, "_runtime": 330.99144315719604, "_step": 2, "ENV_Train_TotalLoss": 1115.259341813909, "ENV_Train_TotalLoss_epoch0": 1115.259341813909, "ENV_Train_Right action": 0.7630681500531112, "ENV_Train_Right action_epoch0": 0.7630681500531112, "ENV_Train_Probability to choose the right action": 0.6769322462164156, "ENV_Train_Probability to choose the right action_epoch0": 0.6769322462164156, "ENV_Train_Weighted right action": 0.7630681500531112, "ENV_Train_Weighted right action_epoch0": 0.7630681500531112, "ENV_Train_Weighted probability to choose the right action:": 0.6769322462164156, "ENV_Train_Weighted probability to choose the right action:_epoch0": 0.6769322462164156, "ENV_Test_TotalLoss": 233.9795967107154, "ENV_Test_TotalLoss_epoch0": 233.9795967107154, "ENV_Test_Right action": 0.776768, "ENV_Test_Right action_epoch0": 0.776768, "ENV_Test_Probability to choose the right action": 0.7058682278336719, "ENV_Test_Probability to choose the right action_epoch0": 0.7058682278336719, "ENV_Test_Weighted right action": 0.8234789065657717, "ENV_Test_Weighted right action_epoch0": 0.8234789065657717, "ENV_Test_Weighted probability to choose the right action:": 0.7508883008137479, "ENV_Test_Weighted probability to choose the right action:_epoch0": 0.7508883008137479, "ENV_Test_proba_accuracy": 0.7058682278336708, "ENV_Test_proba_accuracy_epoch0": 0.7058682278336708, "ENV_Test_proba_accuracy_strategy_132": 0.7531522000049047, "ENV_Test_proba_accuracy_strategy_132_epoch0": 0.7531522000049047, "ENV_Test_proba_accuracy_strategy_23": 0.7031956059356105, "ENV_Test_proba_accuracy_strategy_23_epoch0": 0.7031956059356105, "ENV_Test_proba_accuracy_strategy_107": 0.8024872335525806, "ENV_Test_proba_accuracy_strategy_107_epoch0": 0.8024872335525806, "ENV_Test_proba_accuracy_strategy_43": 0.7200978821443189, "ENV_Test_proba_accuracy_strategy_43_epoch0": 0.7200978821443189, "ENV_Test_proba_accuracy_strategy_17": 0.6711806813620186, "ENV_Test_proba_accuracy_strategy_17_epoch0": 0.6711806813620186, "ENV_Test_proba_accuracy_strategy_93": 0.7102835326698588, "ENV_Test_proba_accuracy_strategy_93_epoch0": 0.7102835326698588, "ENV_Test_proba_accuracy_per_mean_strategy": 0.7267328559448821, "ENV_Test_proba_accuracy_per_mean_strategy_epoch0": 0.7267328559448821, "ENV_Test_proba_accuracy_per_mean_user": 0.7164275788221478, "ENV_Test_proba_accuracy_per_mean_user_epoch0": 0.7164275788221478, "ENV_Test_proba_accuracy_per_mean_user_and_bot": 0.7508883008137478, "ENV_Test_proba_accuracy_per_mean_user_and_bot_epoch0": 0.7508883008137478, "ENV_Test_accuracy": 0.776768, "ENV_Test_accuracy_epoch0": 0.776768, "ENV_Test_accuracy_strategy_132": 0.8130311614730878, "ENV_Test_accuracy_strategy_132_epoch0": 0.8130311614730878, "ENV_Test_accuracy_strategy_23": 0.7796089836807238, "ENV_Test_accuracy_strategy_23_epoch0": 0.7796089836807238, "ENV_Test_accuracy_strategy_107": 0.8686371100164204, "ENV_Test_accuracy_strategy_107_epoch0": 0.8686371100164204, "ENV_Test_accuracy_strategy_43": 0.7849872773536896, "ENV_Test_accuracy_strategy_43_epoch0": 0.7849872773536896, "ENV_Test_accuracy_strategy_17": 0.7404718693284936, "ENV_Test_accuracy_strategy_17_epoch0": 0.7404718693284936, "ENV_Test_accuracy_strategy_93": 0.7855822550831792, "ENV_Test_accuracy_strategy_93_epoch0": 0.7855822550831792, "ENV_Test_accuracy_per_mean_strategy": 0.7953864428225991, "ENV_Test_accuracy_per_mean_strategy_epoch0": 0.7953864428225991, "ENV_Test_accuracy_per_mean_user": 0.7865556616059722, "ENV_Test_accuracy_per_mean_user_epoch0": 0.7865556616059722, "ENV_Test_accuracy_per_mean_user_and_bot": 0.8234789065657727, "ENV_Test_accuracy_per_mean_user_and_bot_epoch0": 0.8234789065657727, "_wandb": {"runtime": 330}}