{"ENV_Online Simulation_TotalLoss": 5472.561684007307, "ENV_Online Simulation_TotalLoss_epoch0": 5672.986860692771, "ENV_Online Simulation_Right action": 0.6755151320025756, "ENV_Online Simulation_Right action_epoch0": 0.6555600149836784, "ENV_Online Simulation_Probability to choose the right action": 0.5805211841414107, "ENV_Online Simulation_Probability to choose the right action_epoch0": 0.565002937110903, "ENV_Online Simulation_Weighted right action": 0.6725884362232076, "ENV_Online Simulation_Weighted right action_epoch0": 0.6535269031159611, "ENV_Online Simulation_Weighted probability to choose the right action:": 0.5805223165608105, "ENV_Online Simulation_Weighted probability to choose the right action:_epoch0": 0.5650090745108468, "_timestamp": 1725270710.2084436, "_runtime": 936.0907046794891, "_step": 11, "ENV_Train_TotalLoss": 1045.4678195626705, "ENV_Train_TotalLoss_epoch0": 1115.2593418139086, "ENV_Train_Right action": 0.7805532646528467, "ENV_Train_Right action_epoch0": 0.7630681500531112, "ENV_Train_Probability to choose the right action": 0.7002703405643462, "ENV_Train_Probability to choose the right action_epoch0": 0.6769322462164156, "ENV_Train_Weighted right action": 0.7805532646528467, "ENV_Train_Weighted right action_epoch0": 0.7630681500531112, "ENV_Train_Weighted probability to choose the right action:": 0.7002703405643462, "ENV_Train_Weighted probability to choose the right action:_epoch0": 0.6769322462164156, "ENV_Test_TotalLoss": 228.49409251427255, "ENV_Test_TotalLoss_epoch0": 233.97959671071544, "ENV_Test_Right action": 0.778624, "ENV_Test_Right action_epoch0": 0.776768, "ENV_Test_Probability to choose the right action": 0.7119754132917757, "ENV_Test_Probability to choose the right action_epoch0": 0.7058682278336719, "ENV_Test_Weighted right action": 0.8292395295918534, "ENV_Test_Weighted right action_epoch0": 0.8234789065657717, "ENV_Test_Weighted probability to choose the right action:": 0.7565026792926683, "ENV_Test_Weighted probability to choose the right action:_epoch0": 0.7508883008137479, "ENV_Test_proba_accuracy": 0.7119754132917756, "ENV_Test_proba_accuracy_epoch0": 0.7058682278336706, "ENV_Test_proba_accuracy_strategy_132": 0.7584400580772158, "ENV_Test_proba_accuracy_strategy_132_epoch0": 0.7531522000049047, "ENV_Test_proba_accuracy_strategy_23": 0.7129240587557423, "ENV_Test_proba_accuracy_strategy_23_epoch0": 0.7031956059356101, "ENV_Test_proba_accuracy_strategy_107": 0.8089291602081556, "ENV_Test_proba_accuracy_strategy_107_epoch0": 0.8024872335525806, "ENV_Test_proba_accuracy_strategy_43": 0.7205394939378464, "ENV_Test_proba_accuracy_strategy_43_epoch0": 0.7200978821443189, "ENV_Test_proba_accuracy_strategy_17": 0.6760906398126235, "ENV_Test_proba_accuracy_strategy_17_epoch0": 0.6711806813620185, "ENV_Test_proba_accuracy_strategy_93": 0.7099340547202525, "ENV_Test_proba_accuracy_strategy_93_epoch0": 0.7102835326698587, "ENV_Test_proba_accuracy_per_mean_strategy": 0.7311429109186394, "ENV_Test_proba_accuracy_per_mean_strategy_epoch0": 0.7267328559448819, "ENV_Test_proba_accuracy_per_mean_user": 0.7222991774699921, "ENV_Test_proba_accuracy_per_mean_user_epoch0": 0.7164275788221478, "ENV_Test_proba_accuracy_per_mean_user_and_bot": 0.7565026792926677, "ENV_Test_proba_accuracy_per_mean_user_and_bot_epoch0": 0.7508883008137478, "ENV_Test_accuracy": 0.778624, "ENV_Test_accuracy_epoch0": 0.776768, "ENV_Test_accuracy_strategy_132": 0.8118980169971671, "ENV_Test_accuracy_strategy_132_epoch0": 0.8130311614730878, "ENV_Test_accuracy_strategy_23": 0.782355792535143, "ENV_Test_accuracy_strategy_23_epoch0": 0.7796089836807238, "ENV_Test_accuracy_strategy_107": 0.8850574712643678, "ENV_Test_accuracy_strategy_107_epoch0": 0.8686371100164204, "ENV_Test_accuracy_strategy_43": 0.7811704834605598, "ENV_Test_accuracy_strategy_43_epoch0": 0.7849872773536896, "ENV_Test_accuracy_strategy_17": 0.7470508166969148, "ENV_Test_accuracy_strategy_17_epoch0": 0.7404718693284936, "ENV_Test_accuracy_strategy_93": 0.7680221811460258, "ENV_Test_accuracy_strategy_93_epoch0": 0.7855822550831792, "ENV_Test_accuracy_per_mean_strategy": 0.795925793683363, "ENV_Test_accuracy_per_mean_strategy_epoch0": 0.7953864428225991, "ENV_Test_accuracy_per_mean_user": 0.791910180644404, "ENV_Test_accuracy_per_mean_user_epoch0": 0.7865556616059722, "ENV_Test_accuracy_per_mean_user_and_bot": 0.829239529591854, "ENV_Test_accuracy_per_mean_user_and_bot_epoch0": 0.8234789065657727, "ENV_Online Simulation_TotalLoss_epoch1": 5557.6210671061535, "ENV_Online Simulation_Right action_epoch1": 0.6660181686630758, "ENV_Online Simulation_Probability to choose the right action_epoch1": 0.5720574765093154, "ENV_Online Simulation_Weighted right action_epoch1": 0.6628723335137489, "ENV_Online Simulation_Weighted probability to choose the right action:_epoch1": 0.5720593319255223, "ENV_Train_TotalLoss_epoch1": 1068.2663624254924, "ENV_Train_Right action_epoch1": 0.774878038552398, "ENV_Train_Probability to choose the right action_epoch1": 0.6925262067640218, "ENV_Train_Weighted right action_epoch1": 0.774878038552398, "ENV_Train_Weighted probability to choose the right action:_epoch1": 0.6925262067640218, "ENV_Test_TotalLoss_epoch1": 232.18019237497037, "ENV_Test_Right action_epoch1": 0.777856, "ENV_Test_Probability to choose the right action_epoch1": 0.6984324982764292, "ENV_Test_Weighted right action_epoch1": 0.8253383039087736, "ENV_Test_Weighted probability to choose the right action:_epoch1": 0.7384457536701419, "ENV_Test_proba_accuracy_epoch1": 0.6984324982764297, "ENV_Test_proba_accuracy_strategy_132_epoch1": 0.739146515294557, "ENV_Test_proba_accuracy_strategy_23_epoch1": 0.6995191124227003, "ENV_Test_proba_accuracy_strategy_107_epoch1": 0.7890341853415127, "ENV_Test_proba_accuracy_strategy_43_epoch1": 0.7059135394182864, "ENV_Test_proba_accuracy_strategy_17_epoch1": 0.6654939462348112, "ENV_Test_proba_accuracy_strategy_93_epoch1": 0.6981286335015288, "ENV_Test_proba_accuracy_per_mean_strategy_epoch1": 0.7162059887022326, "ENV_Test_proba_accuracy_per_mean_user_epoch1": 0.7074963455522604, "ENV_Test_proba_accuracy_per_mean_user_and_bot_epoch1": 0.7384457536701421, "ENV_Test_accuracy_epoch1": 0.777856, "ENV_Test_accuracy_strategy_132_epoch1": 0.8152974504249292, "ENV_Test_accuracy_strategy_23_epoch1": 0.7830021005008887, "ENV_Test_accuracy_strategy_107_epoch1": 0.8768472906403941, "ENV_Test_accuracy_strategy_43_epoch1": 0.7849872773536896, "ENV_Test_accuracy_strategy_17_epoch1": 0.7416061705989111, "ENV_Test_accuracy_strategy_93_epoch1": 0.7689463955637708, "ENV_Test_accuracy_per_mean_strategy_epoch1": 0.7951144475137638, "ENV_Test_accuracy_per_mean_user_epoch1": 0.7886756233941584, "ENV_Test_accuracy_per_mean_user_and_bot_epoch1": 0.8253383039087743, "ENV_Online Simulation_TotalLoss_epoch2": 5352.155378272754, "ENV_Online Simulation_Right action_epoch2": 0.674337247636433, "ENV_Online Simulation_Probability to choose the right action_epoch2": 0.5777962193824556, "ENV_Online Simulation_Weighted right action_epoch2": 0.6705169622195256, "ENV_Online Simulation_Weighted probability to choose the right action:_epoch2": 0.5778088485039935, "ENV_Train_TotalLoss_epoch2": 1055.6830896301046, "ENV_Train_Right action_epoch2": 0.7779315357627095, "ENV_Train_Probability to choose the right action_epoch2": 0.6966219815447833, "ENV_Train_Weighted right action_epoch2": 0.7779315357627095, "ENV_Train_Weighted probability to choose the right action:_epoch2": 0.6966219815447833, "ENV_Test_TotalLoss_epoch2": 230.6799599377441, "ENV_Test_Right action_epoch2": 0.775552, "ENV_Test_Probability to choose the right action_epoch2": 0.7150354197408658, "ENV_Test_Weighted right action_epoch2": 0.8252937272685439, "ENV_Test_Weighted probability to choose the right action:_epoch2": 0.7609267566079538, "ENV_Test_proba_accuracy_epoch2": 0.7150354197408656, "ENV_Test_proba_accuracy_strategy_132_epoch2": 0.7628352250415037, "ENV_Test_proba_accuracy_strategy_23_epoch2": 0.7141306732040297,